window_start,window_end,service_name,total_log_lines,error_count,warning_count,info_count,error_rate_logs,warning_rate_logs,unique_templates,template_entropy,new_templates_seen,exception_count,timeout_count,oom_mention_count,avg_message_length,log_volume_change_pct,timestamp,failure,pre_failure,future_failure,failure_type,scenario_id
2026-03-27T22:32:30.000Z,2026-03-27T22:32:45.000Z,adservice,7,0,0,7,0.0,0.0,1,0.0,1,0,0,0,507.43,0.0,2026-03-27T22:32:30.000Z,0,0,0,none,
2026-03-27T22:32:30.000Z,2026-03-27T22:32:45.000Z,cartservice,9,0,0,9,0.0,0.0,1,0.0,0,0,0,0,71.78,0.0,2026-03-27T22:32:30.000Z,0,0,0,none,
2026-03-27T22:32:30.000Z,2026-03-27T22:32:45.000Z,currencyservice,39,0,0,39,0.0,0.0,1,0.0,0,0,0,0,148.41,0.0,2026-03-27T22:32:30.000Z,0,0,0,none,
2026-03-27T22:32:30.000Z,2026-03-27T22:32:45.000Z,frontend,27,0,0,3,0.0,0.0,1,0.0,0,0,0,0,248.07,0.0,2026-03-27T22:32:30.000Z,0,0,0,none,
2026-03-27T22:32:30.000Z,2026-03-27T22:32:45.000Z,loadgenerator,2,0,0,2,0.0,0.0,1,0.0,0,0,0,0,160.0,0.0,2026-03-27T22:32:30.000Z,0,0,0,none,
2026-03-27T22:32:30.000Z,2026-03-27T22:32:45.000Z,recommendationservice,5,0,0,5,0.0,0.0,1,0.0,0,0,0,0,216.8,0.0,2026-03-27T22:32:30.000Z,0,0,0,none,
2026-03-27T22:32:30.000Z,2026-03-27T22:32:45.000Z,shippingservice,1,0,0,1,0.0,0.0,1,0.0,0,0,0,0,104.0,0.0,2026-03-27T22:32:30.000Z,0,0,0,none,
2026-03-27T22:32:45.000Z,2026-03-27T22:33:00.000Z,adservice,12,0,0,12,0.0,0.0,1,0.0,0,0,0,0,508.67,71.4286,2026-03-27T22:32:45.000Z,0,0,0,none,
2026-03-27T22:32:45.000Z,2026-03-27T22:33:00.000Z,cartservice,27,0,0,27,0.0,0.0,1,0.0,0,0,0,0,71.93,200.0,2026-03-27T22:32:45.000Z,0,0,0,none,
2026-03-27T22:32:45.000Z,2026-03-27T22:33:00.000Z,checkoutservice,6,0,0,6,0.0,0.0,1,0.0,0,0,0,0,147.83,0.0,2026-03-27T22:32:45.000Z,0,0,0,none,
2026-03-27T22:32:45.000Z,2026-03-27T22:33:00.000Z,currencyservice,90,0,0,90,0.0,0.0,1,0.0,0,0,0,0,148.49,130.7692,2026-03-27T22:32:45.000Z,0,0,0,none,
2026-03-27T22:32:45.000Z,2026-03-27T22:33:00.000Z,emailservice,2,0,0,2,0.0,0.0,1,0.0,0,0,0,0,182.0,0.0,2026-03-27T22:32:45.000Z,0,0,0,none,
2026-03-27T22:32:45.000Z,2026-03-27T22:33:00.000Z,frontend,63,0,0,6,0.0,0.0,1,0.0,0,0,0,0,263.62,133.3333,2026-03-27T22:32:45.000Z,0,0,0,none,
2026-03-27T22:32:45.000Z,2026-03-27T22:33:00.000Z,loadgenerator,16,0,0,16,0.0,0.0,1,0.0,0,0,0,0,150.0,700.0,2026-03-27T22:32:45.000Z,0,0,0,none,
2026-03-27T22:32:45.000Z,2026-03-27T22:33:00.000Z,paymentservice,2,0,0,2,0.0,0.0,1,0.0,0,0,0,0,397.5,0.0,2026-03-27T22:32:45.000Z,0,0,0,none,
2026-03-27T22:32:45.000Z,2026-03-27T22:33:00.000Z,recommendationservice,18,0,0,18,0.0,0.0,1,0.0,0,0,0,0,216.78,260.0,2026-03-27T22:32:45.000Z,0,0,0,none,
2026-03-27T22:32:45.000Z,2026-03-27T22:33:00.000Z,shippingservice,12,0,0,12,0.0,0.0,1,0.0,0,0,0,0,104.17,1100.0,2026-03-27T22:32:45.000Z,0,0,0,none,
2026-03-27T22:33:00.000Z,2026-03-27T22:33:15.000Z,adservice,4,0,0,4,0.0,0.0,1,0.0,0,0,0,0,511.5,-66.6667,2026-03-27T22:33:00.000Z,0,0,0,none,
2026-03-27T22:33:00.000Z,2026-03-27T22:33:15.000Z,cartservice,5,0,0,5,0.0,0.0,1,0.0,0,0,0,0,68.0,-81.4815,2026-03-27T22:33:00.000Z,0,0,0,none,
2026-03-27T22:33:00.000Z,2026-03-27T22:33:15.000Z,currencyservice,10,0,0,10,0.0,0.0,1,0.0,0,0,0,0,149.0,-88.8889,2026-03-27T22:33:00.000Z,0,0,0,none,
2026-03-27T22:33:00.000Z,2026-03-27T22:33:15.000Z,frontend,11,0,0,0,0.0,0.0,1,0.0,0,0,0,0,284.73,-82.5397,2026-03-27T22:33:00.000Z,0,0,0,none,
2026-03-27T22:33:00.000Z,2026-03-27T22:33:15.000Z,loadgenerator,3,0,0,3,0.0,0.0,1,0.0,0,0,0,0,160.0,-81.25,2026-03-27T22:33:00.000Z,0,0,0,none,
2026-03-27T22:33:00.000Z,2026-03-27T22:33:15.000Z,loki,1,0,0,1,0.0,0.0,1,0.0,0,0,0,0,318.0,0.0,2026-03-27T22:33:00.000Z,0,0,0,none,
2026-03-27T22:33:00.000Z,2026-03-27T22:33:15.000Z,recommendationservice,5,0,0,5,0.0,0.0,1,0.0,0,0,0,0,216.6,-72.2222,2026-03-27T22:33:00.000Z,0,0,0,none,
2026-03-27T22:33:00.000Z,2026-03-27T22:33:15.000Z,shippingservice,1,0,0,1,0.0,0.0,1,0.0,0,0,0,0,104.0,-91.6667,2026-03-27T22:33:00.000Z,0,0,0,none,
2026-03-27T22:33:15.000Z,2026-03-27T22:33:30.000Z,adservice,19,0,0,19,0.0,0.0,1,0.0,0,0,0,0,511.95,375.0,2026-03-27T22:33:15.000Z,0,0,0,none,
2026-03-27T22:33:15.000Z,2026-03-27T22:33:30.000Z,cartservice,35,0,0,35,0.0,0.0,1,0.0,0,0,0,0,72.06,600.0,2026-03-27T22:33:15.000Z,0,0,0,none,
2026-03-27T22:33:15.000Z,2026-03-27T22:33:30.000Z,checkoutservice,9,0,0,9,0.0,0.0,1,0.0,0,0,0,0,149.67,50.0,2026-03-27T22:33:15.000Z,0,0,0,none,
2026-03-27T22:33:15.000Z,2026-03-27T22:33:30.000Z,currencyservice,88,0,0,88,0.0,0.0,1,0.0,0,0,0,0,148.66,780.0,2026-03-27T22:33:15.000Z,0,0,0,none,
2026-03-27T22:33:15.000Z,2026-03-27T22:33:30.000Z,emailservice,3,0,0,3,0.0,0.0,1,0.0,0,0,0,0,187.0,50.0,2026-03-27T22:33:15.000Z,0,0,0,none,
2026-03-27T22:33:15.000Z,2026-03-27T22:33:30.000Z,frontend,76,0,0,4,0.0,0.0,1,0.0,0,0,0,0,282.72,590.9091,2026-03-27T22:33:15.000Z,0,0,0,none,
2026-03-27T22:33:15.000Z,2026-03-27T22:33:30.000Z,loadgenerator,15,0,0,15,0.0,0.0,1,0.0,0,0,0,0,149.33,400.0,2026-03-27T22:33:15.000Z,0,0,0,none,
2026-03-27T22:33:15.000Z,2026-03-27T22:33:30.000Z,paymentservice,3,0,0,3,0.0,0.0,1,0.0,0,0,0,0,397.33,50.0,2026-03-27T22:33:15.000Z,0,0,0,none,
2026-03-27T22:33:15.000Z,2026-03-27T22:33:30.000Z,recommendationservice,27,0,0,27,0.0,0.0,1,0.0,0,0,0,0,216.74,440.0,2026-03-27T22:33:15.000Z,0,0,0,none,
2026-03-27T22:33:15.000Z,2026-03-27T22:33:30.000Z,shippingservice,12,0,0,12,0.0,0.0,1,0.0,0,0,0,0,104.08,1100.0,2026-03-27T22:33:15.000Z,0,0,0,none,
2026-03-27T22:33:45.000Z,2026-03-27T22:34:00.000Z,adservice,24,0,0,24,0.0,0.0,1,0.0,0,0,0,0,511.88,26.3158,2026-03-27T22:33:45.000Z,0,0,0,none,
2026-03-27T22:33:45.000Z,2026-03-27T22:34:00.000Z,cartservice,37,0,0,37,0.0,0.0,1,0.0,0,0,0,0,71.78,5.7143,2026-03-27T22:33:45.000Z,0,0,0,none,
2026-03-27T22:33:45.000Z,2026-03-27T22:34:00.000Z,checkoutservice,6,0,0,6,0.0,0.0,1,0.0,0,0,0,0,148.5,-33.3333,2026-03-27T22:33:45.000Z,0,0,0,none,
2026-03-27T22:33:45.000Z,2026-03-27T22:34:00.000Z,currencyservice,100,0,0,100,0.0,0.0,1,0.0,0,0,0,0,148.64,13.6364,2026-03-27T22:33:45.000Z,0,0,0,none,
2026-03-27T22:33:45.000Z,2026-03-27T22:34:00.000Z,emailservice,2,0,0,2,0.0,0.0,1,0.0,0,0,0,0,184.5,-33.3333,2026-03-27T22:33:45.000Z,0,0,0,none,
2026-03-27T22:33:45.000Z,2026-03-27T22:34:00.000Z,frontend,88,0,0,6,0.0,0.0,1,0.0,0,0,0,0,275.33,15.7895,2026-03-27T22:33:45.000Z,0,0,0,none,
2026-03-27T22:33:45.000Z,2026-03-27T22:34:00.000Z,loadgenerator,20,0,0,20,0.0,0.0,1,0.0,0,0,0,0,160.0,33.3333,2026-03-27T22:33:45.000Z,0,0,0,none,
2026-03-27T22:33:45.000Z,2026-03-27T22:34:00.000Z,loki,2,0,0,2,0.0,0.0,1,0.0,0,0,0,0,221.0,100.0,2026-03-27T22:33:45.000Z,0,0,0,none,
2026-03-27T22:33:45.000Z,2026-03-27T22:34:00.000Z,paymentservice,2,0,0,2,0.0,0.0,1,0.0,0,0,0,0,398.5,-33.3333,2026-03-27T22:33:45.000Z,0,0,0,none,
2026-03-27T22:33:45.000Z,2026-03-27T22:34:00.000Z,recommendationservice,29,0,0,29,0.0,0.0,1,0.0,0,0,0,0,216.62,7.4074,2026-03-27T22:33:45.000Z,0,0,0,none,
2026-03-27T22:33:45.000Z,2026-03-27T22:34:00.000Z,shippingservice,10,0,0,10,0.0,0.0,1,0.0,0,0,0,0,104.1,-16.6667,2026-03-27T22:33:45.000Z,0,0,0,none,
2026-03-27T22:34:15.000Z,2026-03-27T22:34:30.000Z,adservice,22,0,0,22,0.0,0.0,1,0.0,0,0,0,0,511.55,-8.3333,2026-03-27T22:34:15.000Z,0,0,0,none,
2026-03-27T22:34:15.000Z,2026-03-27T22:34:30.000Z,cartservice,39,0,0,39,0.0,0.0,1,0.0,0,0,0,0,73.33,5.4054,2026-03-27T22:34:15.000Z,0,0,0,none,
2026-03-27T22:34:15.000Z,2026-03-27T22:34:30.000Z,checkoutservice,6,0,0,6,0.0,0.0,1,0.0,0,0,0,0,149.67,0.0,2026-03-27T22:34:15.000Z,0,0,0,none,
2026-03-27T22:34:15.000Z,2026-03-27T22:34:30.000Z,currencyservice,92,0,0,92,0.0,0.0,1,0.0,0,0,0,0,148.67,-8.0,2026-03-27T22:34:15.000Z,0,0,0,none,
2026-03-27T22:34:15.000Z,2026-03-27T22:34:30.000Z,emailservice,2,0,0,2,0.0,0.0,1,0.0,0,0,0,0,187.0,0.0,2026-03-27T22:34:15.000Z,0,0,0,none,
2026-03-27T22:34:15.000Z,2026-03-27T22:34:30.000Z,frontend,88,0,0,5,0.0,0.0,1,0.0,0,0,0,0,275.6,0.0,2026-03-27T22:34:15.000Z,0,0,0,none,
2026-03-27T22:34:15.000Z,2026-03-27T22:34:30.000Z,loadgenerator,19,0,0,19,0.0,0.0,1,0.0,0,0,0,0,151.58,-5.0,2026-03-27T22:34:15.000Z,0,0,0,none,
2026-03-27T22:34:15.000Z,2026-03-27T22:34:30.000Z,loki,2,0,0,2,0.0,0.0,1,0.0,0,0,0,0,222.0,0.0,2026-03-27T22:34:15.000Z,0,0,0,none,
2026-03-27T22:34:15.000Z,2026-03-27T22:34:30.000Z,paymentservice,3,0,0,3,0.0,0.0,1,0.0,0,0,0,0,327.67,50.0,2026-03-27T22:34:15.000Z,0,0,0,none,
2026-03-27T22:34:15.000Z,2026-03-27T22:34:30.000Z,recommendationservice,28,0,0,28,0.0,0.0,1,0.0,0,0,0,0,216.71,-3.4483,2026-03-27T22:34:15.000Z,0,0,0,none,
2026-03-27T22:34:15.000Z,2026-03-27T22:34:30.000Z,shippingservice,11,0,0,11,0.0,0.0,1,0.0,0,0,0,0,104.09,10.0,2026-03-27T22:34:15.000Z,0,0,0,none,
2026-03-27T22:34:30.000Z,2026-03-27T22:34:45.000Z,adservice,1,0,0,1,0.0,0.0,1,0.0,0,0,0,0,511.0,-95.4545,2026-03-27T22:34:30.000Z,0,0,0,none,
2026-03-27T22:34:30.000Z,2026-03-27T22:34:45.000Z,cartservice,1,0,0,1,0.0,0.0,1,0.0,0,0,0,0,68.0,-97.4359,2026-03-27T22:34:30.000Z,0,0,0,none,
2026-03-27T22:34:30.000Z,2026-03-27T22:34:45.000Z,currencyservice,2,0,0,2,0.0,0.0,1,0.0,0,0,0,0,149.0,-97.8261,2026-03-27T22:34:30.000Z,0,0,0,none,
2026-03-27T22:34:30.000Z,2026-03-27T22:34:45.000Z,frontend,5,0,0,0,0.0,0.0,1,0.0,0,0,0,0,278.0,-94.3182,2026-03-27T22:34:30.000Z,0,0,0,none,
2026-03-27T22:34:30.000Z,2026-03-27T22:34:45.000Z,recommendationservice,1,0,0,1,0.0,0.0,1,0.0,0,0,0,0,217.0,-96.4286,2026-03-27T22:34:30.000Z,0,0,0,none,
2026-03-27T22:34:45.000Z,2026-03-27T22:35:00.000Z,adservice,17,0,0,17,0.0,0.0,1,0.0,0,0,0,0,512.29,1600.0,2026-03-27T22:34:45.000Z,0,0,0,none,
2026-03-27T22:34:45.000Z,2026-03-27T22:35:00.000Z,cartservice,27,0,0,27,0.0,0.0,1,0.0,0,0,0,0,71.85,2600.0,2026-03-27T22:34:45.000Z,0,0,0,none,
2026-03-27T22:34:45.000Z,2026-03-27T22:35:00.000Z,checkoutservice,3,0,0,3,0.0,0.0,1,0.0,0,0,0,0,149.67,-50.0,2026-03-27T22:34:45.000Z,0,0,0,none,
2026-03-27T22:34:45.000Z,2026-03-27T22:35:00.000Z,currencyservice,59,0,0,59,0.0,0.0,1,0.0,0,0,0,0,148.78,2850.0,2026-03-27T22:34:45.000Z,0,0,0,none,
2026-03-27T22:34:45.000Z,2026-03-27T22:35:00.000Z,emailservice,1,0,0,1,0.0,0.0,1,0.0,0,0,0,0,188.0,-50.0,2026-03-27T22:34:45.000Z,0,0,0,none,
2026-03-27T22:34:45.000Z,2026-03-27T22:35:00.000Z,frontend,53,0,0,1,0.0,0.0,1,0.0,0,0,0,0,288.25,960.0,2026-03-27T22:34:45.000Z,0,0,0,none,
2026-03-27T22:34:45.000Z,2026-03-27T22:35:00.000Z,loadgenerator,16,0,0,16,0.0,0.0,1,0.0,0,0,0,0,160.0,-15.7895,2026-03-27T22:34:45.000Z,0,0,0,none,
2026-03-27T22:34:45.000Z,2026-03-27T22:35:00.000Z,loki,4,0,0,4,0.0,0.0,1,0.0,0,0,0,1,654.5,100.0,2026-03-27T22:34:45.000Z,0,0,0,none,
2026-03-27T22:34:45.000Z,2026-03-27T22:35:00.000Z,paymentservice,2,0,0,2,0.0,0.0,1,0.0,0,0,0,0,292.5,-33.3333,2026-03-27T22:34:45.000Z,0,0,0,none,
2026-03-27T22:34:45.000Z,2026-03-27T22:35:00.000Z,recommendationservice,23,0,0,23,0.0,0.0,1,0.0,0,0,0,0,216.61,2200.0,2026-03-27T22:34:45.000Z,0,1,1,pre_memory_leak,b3a0ec9a-e69f-4440-a452-8b1dc7e75939
2026-03-27T22:34:45.000Z,2026-03-27T22:35:00.000Z,shippingservice,7,0,0,7,0.0,0.0,1,0.0,0,0,0,0,104.0,-36.3636,2026-03-27T22:34:45.000Z,0,0,0,none,
2026-03-27T22:35:00.000Z,2026-03-27T22:35:15.000Z,adservice,6,0,0,6,0.0,0.0,1,0.0,0,0,0,0,512.33,-64.7059,2026-03-27T22:35:00.000Z,0,0,0,none,
2026-03-27T22:35:00.000Z,2026-03-27T22:35:15.000Z,cartservice,13,0,0,13,0.0,0.0,1,0.0,0,0,0,0,73.38,-51.8519,2026-03-27T22:35:00.000Z,0,0,0,none,
2026-03-27T22:35:00.000Z,2026-03-27T22:35:15.000Z,checkoutservice,3,0,0,3,0.0,0.0,1,0.0,0,0,0,0,149.67,0.0,2026-03-27T22:35:00.000Z,0,0,0,none,
2026-03-27T22:35:00.000Z,2026-03-27T22:35:15.000Z,currencyservice,28,0,0,28,0.0,0.0,1,0.0,0,0,0,0,148.71,-52.5424,2026-03-27T22:35:00.000Z,0,0,0,none,
2026-03-27T22:35:00.000Z,2026-03-27T22:35:15.000Z,emailservice,1,0,0,1,0.0,0.0,1,0.0,0,0,0,0,187.0,0.0,2026-03-27T22:35:00.000Z,0,0,0,none,
2026-03-27T22:35:00.000Z,2026-03-27T22:35:15.000Z,frontend,25,0,0,1,0.0,0.0,1,0.0,0,0,0,0,286.04,-52.8302,2026-03-27T22:35:00.000Z,0,0,0,none,
2026-03-27T22:35:00.000Z,2026-03-27T22:35:15.000Z,loadgenerator,5,0,0,5,0.0,0.0,1,0.0,0,0,0,0,160.0,-68.75,2026-03-27T22:35:00.000Z,0,0,0,none,
2026-03-27T22:35:00.000Z,2026-03-27T22:35:15.000Z,paymentservice,1,0,0,1,0.0,0.0,1,0.0,0,0,0,0,397.0,-50.0,2026-03-27T22:35:00.000Z,0,0,0,none,
2026-03-27T22:35:00.000Z,2026-03-27T22:35:15.000Z,recommendationservice,10,0,0,10,0.0,0.0,1,0.0,0,0,0,0,216.9,-56.5217,2026-03-27T22:35:00.000Z,0,1,1,pre_memory_leak,b3a0ec9a-e69f-4440-a452-8b1dc7e75939
2026-03-27T22:35:00.000Z,2026-03-27T22:35:15.000Z,shippingservice,5,0,0,5,0.0,0.0,1,0.0,0,0,0,0,104.2,-28.5714,2026-03-27T22:35:00.000Z,0,0,0,none,
2026-03-27T22:35:15.000Z,2026-03-27T22:35:30.000Z,adservice,13,0,0,13,0.0,0.0,1,0.0,0,0,0,0,510.38,116.6667,2026-03-27T22:35:15.000Z,0,0,0,none,
2026-03-27T22:35:15.000Z,2026-03-27T22:35:30.000Z,cartservice,18,0,0,18,0.0,0.0,1,0.0,0,0,0,0,71.78,38.4615,2026-03-27T22:35:15.000Z,0,0,0,none,
2026-03-27T22:35:15.000Z,2026-03-27T22:35:30.000Z,currencyservice,60,0,0,60,0.0,0.0,1,0.0,0,0,0,0,148.53,114.2857,2026-03-27T22:35:15.000Z,0,0,0,none,
2026-03-27T22:35:15.000Z,2026-03-27T22:35:30.000Z,frontend,41,0,0,3,0.0,0.0,1,0.0,0,0,0,0,265.68,64.0,2026-03-27T22:35:15.000Z,0,0,0,none,
2026-03-27T22:35:15.000Z,2026-03-27T22:35:30.000Z,loadgenerator,11,0,0,11,0.0,0.0,1,0.0,0,0,0,0,145.45,120.0,2026-03-27T22:35:15.000Z,0,0,0,none,
2026-03-27T22:35:15.000Z,2026-03-27T22:35:30.000Z,loki,2,0,0,2,0.0,0.0,1,0.0,0,0,0,0,222.0,-50.0,2026-03-27T22:35:15.000Z,0,0,0,none,
2026-03-27T22:35:15.000Z,2026-03-27T22:35:30.000Z,recommendationservice,13,0,0,13,0.0,0.0,1,0.0,0,0,0,0,216.62,30.0,2026-03-27T22:35:15.000Z,0,1,1,pre_memory_leak,b3a0ec9a-e69f-4440-a452-8b1dc7e75939
2026-03-27T22:35:15.000Z,2026-03-27T22:35:30.000Z,shippingservice,3,0,0,3,0.0,0.0,1,0.0,0,0,0,0,104.0,-40.0,2026-03-27T22:35:15.000Z,0,0,0,none,
2026-03-27T22:35:30.000Z,2026-03-27T22:35:45.000Z,adservice,12,0,0,12,0.0,0.0,1,0.0,0,0,0,0,512.67,-7.6923,2026-03-27T22:35:30.000Z,0,0,0,none,
2026-03-27T22:35:30.000Z,2026-03-27T22:35:45.000Z,cartservice,18,0,0,18,0.0,0.0,1,0.0,0,0,0,0,71.89,0.0,2026-03-27T22:35:30.000Z,0,0,0,none,
2026-03-27T22:35:30.000Z,2026-03-27T22:35:45.000Z,checkoutservice,3,0,0,3,0.0,0.0,1,0.0,0,0,0,0,151.0,0.0,2026-03-27T22:35:30.000Z,0,0,0,none,
2026-03-27T22:35:30.000Z,2026-03-27T22:35:45.000Z,currencyservice,50,0,0,50,0.0,0.0,1,0.0,0,0,0,0,148.6,-16.6667,2026-03-27T22:35:30.000Z,0,0,0,none,
2026-03-27T22:35:30.000Z,2026-03-27T22:35:45.000Z,emailservice,1,0,0,1,0.0,0.0,1,0.0,0,0,0,0,190.0,0.0,2026-03-27T22:35:30.000Z,0,0,0,none,
2026-03-27T22:35:30.000Z,2026-03-27T22:35:45.000Z,frontend,38,0,0,2,0.0,0.0,1,0.0,0,0,0,0,278.34,-7.3171,2026-03-27T22:35:30.000Z,0,0,0,none,
2026-03-27T22:35:30.000Z,2026-03-27T22:35:45.000Z,loadgenerator,11,0,0,11,0.0,0.0,1,0.0,0,0,0,0,160.0,0.0,2026-03-27T22:35:30.000Z,0,0,0,none,
2026-03-27T22:35:30.000Z,2026-03-27T22:35:45.000Z,paymentservice,1,0,0,1,0.0,0.0,1,0.0,0,0,0,0,396.0,0.0,2026-03-27T22:35:30.000Z,0,0,0,none,
2026-03-27T22:35:30.000Z,2026-03-27T22:35:45.000Z,recommendationservice,14,0,0,14,0.0,0.0,1,0.0,0,0,0,0,215.93,7.6923,2026-03-27T22:35:30.000Z,0,1,1,pre_memory_leak,b3a0ec9a-e69f-4440-a452-8b1dc7e75939
2026-03-27T22:35:30.000Z,2026-03-27T22:35:45.000Z,shippingservice,4,0,0,4,0.0,0.0,1,0.0,0,0,0,0,104.0,33.3333,2026-03-27T22:35:30.000Z,0,0,0,none,
2026-03-27T22:35:45.000Z,2026-03-27T22:36:00.000Z,adservice,8,0,0,8,0.0,0.0,1,0.0,0,0,0,0,510.0,-33.3333,2026-03-27T22:35:45.000Z,0,0,0,none,
2026-03-27T22:35:45.000Z,2026-03-27T22:36:00.000Z,cartservice,14,0,0,14,0.0,0.0,1,0.0,0,0,0,0,73.0,-22.2222,2026-03-27T22:35:45.000Z,0,0,0,none,
2026-03-27T22:35:45.000Z,2026-03-27T22:36:00.000Z,checkoutservice,3,0,0,3,0.0,0.0,1,0.0,0,0,0,0,149.67,0.0,2026-03-27T22:35:45.000Z,0,0,0,none,
2026-03-27T22:35:45.000Z,2026-03-27T22:36:00.000Z,currencyservice,42,0,0,42,0.0,0.0,1,0.0,0,0,0,0,148.52,-16.0,2026-03-27T22:35:45.000Z,0,0,0,none,
2026-03-27T22:35:45.000Z,2026-03-27T22:36:00.000Z,emailservice,1,0,0,1,0.0,0.0,1,0.0,0,0,0,0,187.0,0.0,2026-03-27T22:35:45.000Z,0,0,0,none,
2026-03-27T22:35:45.000Z,2026-03-27T22:36:00.000Z,frontend,32,0,0,3,0.0,0.0,1,0.0,0,0,0,0,266.91,-15.7895,2026-03-27T22:35:45.000Z,0,0,0,none,
2026-03-27T22:35:45.000Z,2026-03-27T22:36:00.000Z,grafana,1,0,0,1,0.0,0.0,1,0.0,0,0,0,0,105.0,0.0,2026-03-27T22:35:45.000Z,0,0,0,none,
2026-03-27T22:35:45.000Z,2026-03-27T22:36:00.000Z,loadgenerator,7,0,0,7,0.0,0.0,1,0.0,0,0,0,0,160.0,-36.3636,2026-03-27T22:35:45.000Z,0,0,0,none,
2026-03-27T22:35:45.000Z,2026-03-27T22:36:00.000Z,loki,3,0,0,3,0.0,0.0,1,0.0,0,0,0,0,179.67,50.0,2026-03-27T22:35:45.000Z,0,0,0,none,
2026-03-27T22:35:45.000Z,2026-03-27T22:36:00.000Z,paymentservice,1,0,0,1,0.0,0.0,1,0.0,0,0,0,0,397.0,0.0,2026-03-27T22:35:45.000Z,0,0,0,none,
2026-03-27T22:35:45.000Z,2026-03-27T22:36:00.000Z,recommendationservice,9,0,0,9,0.0,0.0,1,0.0,0,0,0,0,216.67,-35.7143,2026-03-27T22:35:45.000Z,1,0,1,memory_leak,b3a0ec9a-e69f-4440-a452-8b1dc7e75939
2026-03-27T22:35:45.000Z,2026-03-27T22:36:00.000Z,shippingservice,4,0,0,4,0.0,0.0,1,0.0,0,0,0,0,104.25,0.0,2026-03-27T22:35:45.000Z,0,0,0,none,
2026-03-27T22:36:00.000Z,2026-03-27T22:36:15.000Z,adservice,11,0,0,11,0.0,0.0,1,0.0,0,0,0,0,508.82,37.5,2026-03-27T22:36:00.000Z,0,0,0,none,
2026-03-27T22:36:00.000Z,2026-03-27T22:36:15.000Z,cartservice,20,0,0,20,0.0,0.0,1,0.0,0,0,0,0,71.6,42.8571,2026-03-27T22:36:00.000Z,0,0,0,none,
2026-03-27T22:36:00.000Z,2026-03-27T22:36:15.000Z,checkoutservice,6,0,0,6,0.0,0.0,1,0.0,0,0,0,0,150.33,100.0,2026-03-27T22:36:00.000Z,0,0,0,none,
2026-03-27T22:36:00.000Z,2026-03-27T22:36:15.000Z,currencyservice,72,0,0,72,0.0,0.0,1,0.0,0,0,0,0,148.44,71.4286,2026-03-27T22:36:00.000Z,0,0,0,none,
2026-03-27T22:36:00.000Z,2026-03-27T22:36:15.000Z,emailservice,2,0,0,2,0.0,0.0,1,0.0,0,0,0,0,189.0,100.0,2026-03-27T22:36:00.000Z,0,0,0,none,
2026-03-27T22:36:00.000Z,2026-03-27T22:36:15.000Z,frontend,52,0,0,6,0.0,0.0,1,0.0,0,0,0,0,260.15,62.5,2026-03-27T22:36:00.000Z,0,0,0,none,
2026-03-27T22:36:00.000Z,2026-03-27T22:36:15.000Z,loadgenerator,10,0,0,10,0.0,0.0,1,0.0,0,0,0,0,144.0,42.8571,2026-03-27T22:36:00.000Z,0,0,0,none,
2026-03-27T22:36:00.000Z,2026-03-27T22:36:15.000Z,paymentservice,2,0,0,2,0.0,0.0,1,0.0,0,0,0,0,397.5,100.0,2026-03-27T22:36:00.000Z,0,0,0,none,
2026-03-27T22:36:00.000Z,2026-03-27T22:36:15.000Z,recommendationservice,12,0,0,12,0.0,0.0,1,0.0,0,0,0,0,216.75,33.3333,2026-03-27T22:36:00.000Z,1,0,1,memory_leak,b3a0ec9a-e69f-4440-a452-8b1dc7e75939
2026-03-27T22:36:00.000Z,2026-03-27T22:36:15.000Z,shippingservice,7,0,0,7,0.0,0.0,1,0.0,0,0,0,0,104.29,75.0,2026-03-27T22:36:00.000Z,0,0,0,none,
2026-03-27T22:36:15.000Z,2026-03-27T22:36:30.000Z,adservice,5,0,0,5,0.0,0.0,1,0.0,0,0,0,0,514.2,-54.5455,2026-03-27T22:36:15.000Z,0,0,0,none,
2026-03-27T22:36:15.000Z,2026-03-27T22:36:30.000Z,cartservice,6,0,0,6,0.0,0.0,1,0.0,0,0,0,0,68.0,-70.0,2026-03-27T22:36:15.000Z,0,0,0,none,
2026-03-27T22:36:15.000Z,2026-03-27T22:36:30.000Z,currencyservice,14,0,0,14,0.0,0.0,1,0.0,0,0,0,0,148.86,-80.5556,2026-03-27T22:36:15.000Z,0,0,0,none,
2026-03-27T22:36:15.000Z,2026-03-27T22:36:30.000Z,frontend,13,0,0,0,0.0,0.0,1,0.0,0,0,0,0,290.08,-75.0,2026-03-27T22:36:15.000Z,0,0,0,none,
2026-03-27T22:36:15.000Z,2026-03-27T22:36:30.000Z,loadgenerator,5,0,0,5,0.0,0.0,1,0.0,0,0,0,0,160.0,-50.0,2026-03-27T22:36:15.000Z,0,0,0,none,
2026-03-27T22:36:15.000Z,2026-03-27T22:36:30.000Z,loki,2,0,0,2,0.0,0.0,1,0.0,0,0,0,0,222.0,-33.3333,2026-03-27T22:36:15.000Z,0,0,0,none,
2026-03-27T22:36:15.000Z,2026-03-27T22:36:30.000Z,recommendationservice,6,0,0,6,0.0,0.0,1,0.0,0,0,0,0,217.0,-50.0,2026-03-27T22:36:15.000Z,1,0,1,memory_leak,b3a0ec9a-e69f-4440-a452-8b1dc7e75939
2026-03-27T22:36:15.000Z,2026-03-27T22:36:30.000Z,shippingservice,1,0,0,1,0.0,0.0,1,0.0,0,0,0,0,104.0,-85.7143,2026-03-27T22:36:15.000Z,0,0,0,none,
2026-03-27T22:36:30.000Z,2026-03-27T22:36:45.000Z,adservice,23,0,0,23,0.0,0.0,1,0.0,0,0,0,0,511.22,360.0,2026-03-27T22:36:30.000Z,0,0,0,none,
2026-03-27T22:36:30.000Z,2026-03-27T22:36:45.000Z,cartservice,27,0,0,27,0.0,0.0,1,0.0,0,0,0,0,69.3,350.0,2026-03-27T22:36:30.000Z,0,0,0,none,
2026-03-27T22:36:30.000Z,2026-03-27T22:36:45.000Z,currencyservice,92,0,0,92,0.0,0.0,1,0.0,0,0,0,0,148.59,557.1429,2026-03-27T22:36:30.000Z,0,0,0,none,
2026-03-27T22:36:30.000Z,2026-03-27T22:36:45.000Z,frontend,66,0,0,4,0.0,0.0,1,0.0,0,0,0,0,268.32,407.6923,2026-03-27T22:36:30.000Z,0,0,0,none,
2026-03-27T22:36:30.000Z,2026-03-27T22:36:45.000Z,loadgenerator,20,0,0,20,0.0,0.0,1,0.0,0,0,0,0,152.0,300.0,2026-03-27T22:36:30.000Z,0,0,0,none,
2026-03-27T22:36:30.000Z,2026-03-27T22:36:45.000Z,recommendationservice,22,0,0,22,0.0,0.0,1,0.0,0,0,0,0,216.86,266.6667,2026-03-27T22:36:30.000Z,1,0,1,memory_leak,b3a0ec9a-e69f-4440-a452-8b1dc7e75939
2026-03-27T22:36:30.000Z,2026-03-27T22:36:45.000Z,shippingservice,3,0,0,3,0.0,0.0,1,0.0,0,0,0,0,104.0,200.0,2026-03-27T22:36:30.000Z,0,0,0,none,
2026-03-27T22:36:45.000Z,2026-03-27T22:37:00.000Z,adservice,3,0,0,3,0.0,0.0,1,0.0,0,0,0,0,510.0,-86.9565,2026-03-27T22:36:45.000Z,0,0,0,none,
2026-03-27T22:36:45.000Z,2026-03-27T22:37:00.000Z,cartservice,3,0,0,3,0.0,0.0,1,0.0,0,0,0,0,68.0,-88.8889,2026-03-27T22:36:45.000Z,0,0,0,none,
2026-03-27T22:36:45.000Z,2026-03-27T22:37:00.000Z,currencyservice,13,0,0,13,0.0,0.0,1,0.0,0,0,0,0,148.46,-85.8696,2026-03-27T22:36:45.000Z,0,0,0,none,
2026-03-27T22:36:45.000Z,2026-03-27T22:37:00.000Z,frontend,9,0,0,1,0.0,0.0,1,0.0,0,0,0,0,250.33,-86.3636,2026-03-27T22:36:45.000Z,0,0,0,none,
2026-03-27T22:36:45.000Z,2026-03-27T22:37:00.000Z,loadgenerator,2,0,0,2,0.0,0.0,1,0.0,0,0,0,0,160.0,-90.0,2026-03-27T22:36:45.000Z,0,0,0,none,
2026-03-27T22:36:45.000Z,2026-03-27T22:37:00.000Z,loki,2,0,0,2,0.0,0.0,1,0.0,0,0,0,0,221.0,0.0,2026-03-27T22:36:45.000Z,0,0,0,none,
2026-03-27T22:36:45.000Z,2026-03-27T22:37:00.000Z,recommendationservice,2,0,0,2,0.0,0.0,1,0.0,0,0,0,0,216.0,-90.9091,2026-03-27T22:36:45.000Z,1,0,1,memory_leak,b3a0ec9a-e69f-4440-a452-8b1dc7e75939
2026-03-27T22:37:00.000Z,2026-03-27T22:37:15.000Z,adservice,20,0,0,20,0.0,0.0,1,0.0,0,0,0,0,511.6,566.6667,2026-03-27T22:37:00.000Z,0,0,0,none,
2026-03-27T22:37:00.000Z,2026-03-27T22:37:15.000Z,cartservice,34,0,0,34,0.0,0.0,1,0.0,0,0,0,0,72.12,1033.3333,2026-03-27T22:37:00.000Z,0,0,0,none,
2026-03-27T22:37:00.000Z,2026-03-27T22:37:15.000Z,checkoutservice,7,0,0,7,0.0,0.0,1,0.0,0,0,0,0,150.86,16.6667,2026-03-27T22:37:00.000Z,0,0,0,none,
2026-03-27T22:37:00.000Z,2026-03-27T22:37:15.000Z,currencyservice,92,0,0,92,0.0,0.0,1,0.0,0,0,0,0,148.59,607.6923,2026-03-27T22:37:00.000Z,0,0,0,none,
2026-03-27T22:37:00.000Z,2026-03-27T22:37:15.000Z,emailservice,2,0,0,2,0.0,0.0,1,0.0,0,0,0,0,186.5,0.0,2026-03-27T22:37:00.000Z,0,0,0,none,
2026-03-27T22:37:00.000Z,2026-03-27T22:37:15.000Z,frontend,77,0,0,5,0.0,0.0,1,0.0,0,0,0,0,273.44,755.5556,2026-03-27T22:37:00.000Z,0,0,0,none,
2026-03-27T22:37:00.000Z,2026-03-27T22:37:15.000Z,loadgenerator,16,0,0,16,0.0,0.0,1,0.0,0,0,0,0,160.0,700.0,2026-03-27T22:37:00.000Z,0,0,0,none,
2026-03-27T22:37:00.000Z,2026-03-27T22:37:15.000Z,paymentservice,3,0,0,3,0.0,0.0,1,0.0,0,0,0,0,326.0,50.0,2026-03-27T22:37:00.000Z,0,0,0,none,
2026-03-27T22:37:00.000Z,2026-03-27T22:37:15.000Z,recommendationservice,24,0,0,24,0.0,0.0,1,0.0,0,0,0,0,216.0,1100.0,2026-03-27T22:37:00.000Z,1,0,1,memory_leak,b3a0ec9a-e69f-4440-a452-8b1dc7e75939
2026-03-27T22:37:00.000Z,2026-03-27T22:37:15.000Z,shippingservice,10,0,0,10,0.0,0.0,1,0.0,0,0,0,0,104.1,233.3333,2026-03-27T22:37:00.000Z,0,0,0,none,
2026-03-27T22:37:30.000Z,2026-03-27T22:37:45.000Z,adservice,19,0,0,19,0.0,0.0,1,0.0,0,0,0,0,509.26,-5.0,2026-03-27T22:37:30.000Z,0,0,0,none,
2026-03-27T22:37:30.000Z,2026-03-27T22:37:45.000Z,cartservice,24,0,0,24,0.0,0.0,1,0.0,0,0,0,0,69.42,-29.4118,2026-03-27T22:37:30.000Z,0,0,0,none,
2026-03-27T22:37:30.000Z,2026-03-27T22:37:45.000Z,currencyservice,86,0,0,86,0.0,0.0,1,0.0,0,0,0,0,148.53,-6.5217,2026-03-27T22:37:30.000Z,0,0,0,none,
2026-03-27T22:37:30.000Z,2026-03-27T22:37:45.000Z,frontend,64,3,0,5,0.046875,0.0,1,0.0,0,0,0,0,269.86,-16.8831,2026-03-27T22:37:30.000Z,0,0,0,none,
2026-03-27T22:37:30.000Z,2026-03-27T22:37:45.000Z,jaeger,1,0,0,1,0.0,0.0,1,0.0,0,0,0,0,144.0,0.0,2026-03-27T22:37:30.000Z,0,0,0,none,
2026-03-27T22:37:30.000Z,2026-03-27T22:37:45.000Z,loadgenerator,23,0,0,23,0.0,0.0,1,0.0,0,0,0,0,146.09,43.75,2026-03-27T22:37:30.000Z,0,0,0,none,
2026-03-27T22:37:30.000Z,2026-03-27T22:37:45.000Z,loki,1,0,0,1,0.0,0.0,1,0.0,0,0,0,0,319.0,-50.0,2026-03-27T22:37:30.000Z,0,0,0,none,
2026-03-27T22:37:30.000Z,2026-03-27T22:37:45.000Z,promtail,1,0,0,1,0.0,0.0,1,0.0,0,0,0,0,267.0,0.0,2026-03-27T22:37:30.000Z,0,0,0,none,
2026-03-27T22:37:30.000Z,2026-03-27T22:37:45.000Z,recommendationservice,18,0,0,18,0.0,0.0,1,0.0,0,0,0,0,204.56,-25.0,2026-03-27T22:37:30.000Z,0,0,0,none,
2026-03-27T22:37:30.000Z,2026-03-27T22:37:45.000Z,shippingservice,4,0,0,4,0.0,0.0,1,0.0,0,0,0,0,104.0,-60.0,2026-03-27T22:37:30.000Z,0,0,0,none,
2026-03-27T22:37:45.000Z,2026-03-27T22:38:00.000Z,adservice,4,0,0,4,0.0,0.0,1,0.0,0,0,0,0,514.0,-78.9474,2026-03-27T22:37:45.000Z,0,0,0,none,
2026-03-27T22:37:45.000Z,2026-03-27T22:38:00.000Z,cartservice,8,0,0,8,0.0,0.0,1,0.0,0,0,0,0,72.25,-66.6667,2026-03-27T22:37:45.000Z,0,0,0,none,
2026-03-27T22:37:45.000Z,2026-03-27T22:38:00.000Z,checkoutservice,1,0,0,1,0.0,0.0,1,0.0,0,0,0,0,159.0,-85.7143,2026-03-27T22:37:45.000Z,0,0,0,none,
2026-03-27T22:37:45.000Z,2026-03-27T22:38:00.000Z,currencyservice,17,0,0,17,0.0,0.0,1,0.0,0,0,0,0,148.71,-80.2326,2026-03-27T22:37:45.000Z,0,0,0,none,
2026-03-27T22:37:45.000Z,2026-03-27T22:38:00.000Z,frontend,14,0,0,0,0.0,0.0,1,0.0,0,0,0,0,281.64,-78.125,2026-03-27T22:37:45.000Z,0,0,0,none,
2026-03-27T22:37:45.000Z,2026-03-27T22:38:00.000Z,loadgenerator,3,0,0,3,0.0,0.0,1,0.0,0,0,0,0,160.0,-86.9565,2026-03-27T22:37:45.000Z,0,0,0,none,
2026-03-27T22:37:45.000Z,2026-03-27T22:38:00.000Z,paymentservice,1,0,0,1,0.0,0.0,1,0.0,0,0,0,0,396.0,-66.6667,2026-03-27T22:37:45.000Z,0,0,0,none,
2026-03-27T22:37:45.000Z,2026-03-27T22:38:00.000Z,recommendationservice,6,0,0,6,0.0,0.0,1,0.0,0,0,0,0,216.83,-66.6667,2026-03-27T22:37:45.000Z,0,0,0,none,
2026-03-27T22:37:45.000Z,2026-03-27T22:38:00.000Z,shippingservice,3,0,0,3,0.0,0.0,1,0.0,0,0,0,0,104.0,-25.0,2026-03-27T22:37:45.000Z,0,0,0,none,
2026-03-27T22:38:15.000Z,2026-03-27T22:38:30.000Z,adservice,17,0,0,17,0.0,0.0,1,0.0,0,0,0,0,510.71,325.0,2026-03-27T22:38:15.000Z,0,0,0,none,
2026-03-27T22:38:15.000Z,2026-03-27T22:38:30.000Z,cartservice,37,0,0,37,0.0,0.0,1,0.0,0,0,0,0,71.84,362.5,2026-03-27T22:38:15.000Z,0,0,0,none,
2026-03-27T22:38:15.000Z,2026-03-27T22:38:30.000Z,checkoutservice,9,0,0,9,0.0,0.0,1,0.0,0,0,0,0,147.89,800.0,2026-03-27T22:38:15.000Z,0,0,0,none,
2026-03-27T22:38:15.000Z,2026-03-27T22:38:30.000Z,currencyservice,104,0,0,104,0.0,0.0,1,0.0,0,0,0,0,148.58,511.7647,2026-03-27T22:38:15.000Z,0,0,0,none,
2026-03-27T22:38:15.000Z,2026-03-27T22:38:30.000Z,emailservice,3,0,0,3,0.0,0.0,1,0.0,0,0,0,0,183.0,50.0,2026-03-27T22:38:15.000Z,0,0,0,none,
2026-03-27T22:38:15.000Z,2026-03-27T22:38:30.000Z,frontend,82,0,0,7,0.0,0.0,1,0.0,0,0,0,0,274.16,485.7143,2026-03-27T22:38:15.000Z,0,0,0,none,
2026-03-27T22:38:15.000Z,2026-03-27T22:38:30.000Z,loadgenerator,17,0,0,17,0.0,0.0,1,0.0,0,0,0,0,160.0,466.6667,2026-03-27T22:38:15.000Z,0,0,0,none,
2026-03-27T22:38:15.000Z,2026-03-27T22:38:30.000Z,loki,3,0,0,3,0.0,0.0,1,0.0,0,0,0,0,207.33,200.0,2026-03-27T22:38:15.000Z,0,0,0,none,
2026-03-27T22:38:15.000Z,2026-03-27T22:38:30.000Z,paymentservice,3,0,0,3,0.0,0.0,1,0.0,0,0,0,0,397.67,200.0,2026-03-27T22:38:15.000Z,0,0,0,none,
2026-03-27T22:38:15.000Z,2026-03-27T22:38:30.000Z,recommendationservice,27,0,0,27,0.0,0.0,1,0.0,0,0,0,0,215.67,350.0,2026-03-27T22:38:15.000Z,0,0,0,none,
2026-03-27T22:38:15.000Z,2026-03-27T22:38:30.000Z,shippingservice,18,0,0,18,0.0,0.0,1,0.0,0,0,0,0,104.17,500.0,2026-03-27T22:38:15.000Z,0,0,0,none,
2026-03-27T22:38:30.000Z,2026-03-27T22:38:45.000Z,adservice,1,0,0,1,0.0,0.0,1,0.0,0,0,0,0,503.0,-94.1176,2026-03-27T22:38:30.000Z,0,0,0,none,
2026-03-27T22:38:30.000Z,2026-03-27T22:38:45.000Z,cartservice,1,0,0,1,0.0,0.0,1,0.0,0,0,0,0,68.0,-97.2973,2026-03-27T22:38:30.000Z,0,0,0,none,
2026-03-27T22:38:30.000Z,2026-03-27T22:38:45.000Z,currencyservice,10,0,0,10,0.0,0.0,1,0.0,0,0,0,0,148.2,-90.3846,2026-03-27T22:38:30.000Z,0,0,0,none,
2026-03-27T22:38:30.000Z,2026-03-27T22:38:45.000Z,frontend,4,0,0,1,0.0,0.0,1,0.0,0,0,0,0,208.5,-95.122,2026-03-27T22:38:30.000Z,0,0,0,none,
2026-03-27T22:38:30.000Z,2026-03-27T22:38:45.000Z,loadgenerator,2,0,0,2,0.0,0.0,1,0.0,0,0,0,0,160.0,-88.2353,2026-03-27T22:38:30.000Z,0,0,0,none,
