timestamp,service_name,cpu_usage_percent,memory_usage_bytes,memory_limit_bytes,memory_usage_percent,network_rx_bytes_per_sec,network_tx_bytes_per_sec,fs_reads_per_sec,fs_writes_per_sec,request_rate,error_rate,p50_latency_ms,p99_latency_ms,active_connections,cpu_trend_5min,memory_trend_5min,error_rate_trend_5min,failure,pre_failure,future_failure,failure_type,scenario_id
2026-03-27T22:32:41.589Z,adservice,0.4024,354373632.0,8217317376.0,4.3125,214828.87,158510.8,0.0,111138.13,0.0,0.0,0.0,0.0,0.0,0.0,0.0,0.0,0,0,0,none,
2026-03-27T22:33:12.941Z,adservice,0.0473,354496512.0,8217317376.0,4.314,216090.4,159433.53,0.0,111957.33,0.0,0.0,0.0,0.0,0.0,0.0,0.0,0.0,0,0,0,none,
2026-03-27T22:33:45.137Z,adservice,0.0589,354521088.0,8217317376.0,4.3143,217427.87,160409.87,0.0,113049.6,0.0,0.0,0.0,0.0,0.0,0.0,0.0,0.0,0,0,0,none,
2026-03-27T22:34:17.488Z,adservice,0.3574,354762752.0,8217317376.0,4.3173,218766.27,161394.67,0.0,113322.67,0.0,0.0,0.0,0.0,0.0,0.0,0.0,0.0,0,0,0,none,
2026-03-27T22:34:49.615Z,adservice,0.0426,354521088.0,8217317376.0,4.3143,220030.33,162341.73,0.0,113868.8,0.0,0.0,0.0,0.0,0.0,0.0,0.0,0.0,0,0,0,none,
2026-03-27T22:35:21.661Z,adservice,1.3047,354930688.0,8217317376.0,4.3193,221189.73,163205.53,0.0,114414.93,0.0,0.0,0.0,0.0,0.0,0.0,0.0,0.0,0,0,0,none,
2026-03-27T22:35:53.992Z,adservice,0.217,354562048.0,8217317376.0,4.3148,222343.87,164050.07,0.0,115234.13,0.0,0.0,0.0,0.0,0.0,0.0,0.0,0.0,0,0,0,none,
2026-03-27T22:36:26.181Z,adservice,0.3568,354439168.0,8217317376.0,4.3133,223727.87,165040.27,0.0,115507.2,0.0,0.0,0.0,0.0,0.0,0.0,0.0,0.0,0,0,0,none,
2026-03-27T22:36:58.158Z,adservice,0.2012,354439168.0,8217317376.0,4.3133,225062.0,166001.53,0.0,116053.33,0.0,0.0,0.0,0.0,0.0,0.0,0.0,0.0,0,0,0,none,
2026-03-27T22:37:45.771Z,adservice,0.4814,354439168.0,8217317376.0,4.3133,226720.8,167212.53,0.0,116326.4,0.0,0.0,0.0,0.0,0.0,0.0,0.0,0.0,0,0,0,none,
2026-03-27T22:38:17.155Z,adservice,0.562,354574336.0,8217317376.0,4.315,227997.07,168182.67,0.0,116599.47,0.0,0.0,0.0,0.0,0.0,0.0,0.0,0.0,0,0,0,none,
2026-03-27T22:32:41.589Z,cartservice,0.5256,148533248.0,8217317376.0,1.8076,473542.53,438585.0,0.0,0.0,0.0,0.0,0.0,0.0,0.0,0.0,0.0,0.0,0,0,0,none,
2026-03-27T22:33:12.941Z,cartservice,0.3847,148619264.0,8217317376.0,1.8086,476331.47,441174.13,0.0,0.0,0.0,0.0,0.0,0.0,0.0,0.0,0.0,0.0,0,0,0,none,
2026-03-27T22:33:45.137Z,cartservice,0.5889,148664320.0,8217317376.0,1.8092,479100.47,443717.73,0.0,0.0,0.0,0.0,0.0,0.0,0.0,0.0,0.0,0.0,0,0,0,none,
2026-03-27T22:34:17.488Z,cartservice,1.0811,148635648.0,8217317376.0,1.8088,481903.93,446334.2,0.0,0.0,0.0,0.0,0.0,0.0,0.0,0.0,0.0,0.0,0,0,0,none,
2026-03-27T22:34:49.615Z,cartservice,0.9145,148639744.0,8217317376.0,1.8089,484856.47,449074.33,0.0,0.0,0.0,0.0,0.0,0.0,0.0,0.0,0.0,0.0,0,0,0,none,
2026-03-27T22:35:21.661Z,cartservice,1.3163,148656128.0,8217317376.0,1.8091,487251.67,451296.13,0.0,0.0,0.0,0.0,0.0,0.0,0.0,0.0,0.0,0.0,0,0,0,none,
2026-03-27T22:35:53.992Z,cartservice,0.4102,148635648.0,8217317376.0,1.8088,489727.27,453588.53,0.0,0.0,0.0,0.0,0.0,0.0,0.0,0.0,0.0,0.0,0,0,0,none,
2026-03-27T22:36:26.181Z,cartservice,0.7075,148652032.0,8217317376.0,1.809,492098.6,455712.0,0.0,0.0,0.0,0.0,0.0,0.0,0.0,0.0,0.0,0.0,0,0,0,none,
2026-03-27T22:36:58.158Z,cartservice,0.1243,148623360.0,8217317376.0,1.8087,494926.13,458330.67,0.0,0.0,0.0,0.0,0.0,0.0,0.0,0.0,0.0,0.0,0,0,0,none,
2026-03-27T22:37:45.771Z,cartservice,0.886,148639744.0,8217317376.0,1.8089,498608.87,461706.87,0.0,0.0,0.0,0.0,0.0,0.0,0.0,0.0,0.0,0.0,0,0,0,none,
2026-03-27T22:38:17.155Z,cartservice,1.1987,148684800.0,8217317376.0,1.8094,501284.27,464182.4,0.0,0.0,0.0,0.0,0.0,0.0,0.0,0.0,0.0,0.0,0,0,0,none,
2026-03-27T22:32:41.589Z,checkoutservice,0.2473,25444352.0,8217317376.0,0.3096,159038.8,369595.27,30856.53,0.0,0.0,0.0,0.0,0.0,0.0,0.0,0.0,0.0,0,0,0,none,
2026-03-27T22:33:12.941Z,checkoutservice,0.0,25444352.0,8217317376.0,0.3096,159868.4,371593.4,30856.53,0.0,0.0,0.0,0.0,0.0,0.0,0.0,0.0,0.0,0,0,0,none,
2026-03-27T22:33:45.137Z,checkoutservice,0.2181,25440256.0,8217317376.0,0.3096,161245.67,374716.6,30856.53,0.0,0.0,0.0,0.0,0.0,0.0,0.0,0.0,0.0,0,0,0,none,
2026-03-27T22:34:17.488Z,checkoutservice,0.0,25444352.0,8217317376.0,0.3096,162769.67,378286.8,30856.53,0.0,0.0,0.0,0.0,0.0,0.0,0.0,0.0,0.0,0,0,0,none,
2026-03-27T22:34:49.615Z,checkoutservice,0.0874,25448448.0,8217317376.0,0.3097,163861.6,380841.2,30856.53,0.0,0.0,0.0,0.0,0.0,0.0,0.0,0.0,0.0,0,0,0,none,
2026-03-27T22:35:21.661Z,checkoutservice,0.0,25452544.0,8217317376.0,0.3097,164881.0,383289.93,30856.53,0.0,0.0,0.0,0.0,0.0,0.0,0.0,0.0,0.0,0,0,0,none,
2026-03-27T22:35:53.992Z,checkoutservice,0.0,25571328.0,8217317376.0,0.3112,165403.87,384546.47,30856.53,0.0,0.0,0.0,0.0,0.0,0.0,0.0,0.0,0.0,0,0,0,none,
2026-03-27T22:36:26.181Z,checkoutservice,0.0,25669632.0,8217317376.0,0.3124,166681.2,387507.2,30856.53,0.0,0.0,0.0,0.0,0.0,0.0,0.0,0.0,0.0,0,0,0,none,
2026-03-27T22:36:58.158Z,checkoutservice,0.0,25710592.0,8217317376.0,0.3129,167050.0,388444.47,30856.53,0.0,0.0,0.0,0.0,0.0,0.0,0.0,0.0,0.0,0,0,0,none,
2026-03-27T22:37:45.771Z,checkoutservice,0.9059,25399296.0,8217317376.0,0.3091,169098.93,392663.0,30856.53,0.0,0.0,0.0,0.0,0.0,0.0,0.0,0.0,0.0,0,0,0,none,
2026-03-27T22:38:17.155Z,checkoutservice,0.0,25427968.0,8217317376.0,0.3094,170475.2,396391.53,30856.53,0.0,0.0,0.0,0.0,0.0,0.0,0.0,0.0,0.0,0,0,0,none,
2026-03-27T22:32:41.589Z,currencyservice,2.9299,160976896.0,8217317376.0,1.959,836144.33,1454041.67,0.0,0.0,0.0,0.0,0.0,0.0,0.0,0.0,0.0,0.0,0,0,0,none,
2026-03-27T22:33:12.941Z,currencyservice,1.7218,161329152.0,8217317376.0,1.9633,840628.73,1461593.13,0.0,0.0,0.0,0.0,0.0,0.0,0.0,0.0,0.0,0.0,0,0,0,none,
2026-03-27T22:33:45.137Z,currencyservice,1.2954,161763328.0,8217317376.0,1.9686,845530.93,1470048.07,0.0,0.0,0.0,0.0,0.0,0.0,0.0,0.0,0.0,0.0,0,0,0,none,
2026-03-27T22:34:17.488Z,currencyservice,2.0199,161918976.0,8217317376.0,1.9705,850541.8,1478927.93,0.0,0.0,0.0,0.0,0.0,0.0,0.0,0.0,0.0,0.0,0,0,0,none,
2026-03-27T22:34:49.615Z,currencyservice,1.4253,162324480.0,8217317376.0,1.9754,854610.0,1486145.87,0.0,0.0,0.0,0.0,0.0,0.0,0.0,0.0,0.0,0.0,0,0,0,none,
2026-03-27T22:35:21.661Z,currencyservice,0.6702,162197504.0,8217317376.0,1.9738,860198.6,1495524.0,0.0,0.0,0.0,0.0,0.0,0.0,0.0,0.0,0.0,0.0,0,0,0,none,
2026-03-27T22:35:53.992Z,currencyservice,0.5884,162369536.0,8217317376.0,1.9759,864719.33,1503909.67,0.0,0.0,0.0,0.0,0.0,0.0,0.0,0.0,0.0,0.0,0,0,0,none,
2026-03-27T22:36:26.181Z,currencyservice,1.487,162566144.0,8217317376.0,1.9783,869109.8,1511574.2,0.0,0.0,0.0,0.0,0.0,0.0,0.0,0.0,0.0,0.0,0,0,0,none,
2026-03-27T22:36:58.158Z,currencyservice,1.3279,163033088.0,8217317376.0,1.984,873636.93,1519528.07,0.0,0.0,0.0,0.0,0.0,0.0,0.0,0.0,0.0,0.0,0,0,0,none,
2026-03-27T22:37:45.771Z,currencyservice,2.2064,163475456.0,8217317376.0,1.9894,880589.6,1531070.0,0.0,0.0,0.0,0.0,0.0,0.0,0.0,0.0,0.0,0.0,0,0,0,none,
2026-03-27T22:38:17.155Z,currencyservice,0.0,164995072.0,8217317376.0,2.0079,885402.93,1539566.73,0.0,0.0,0.0,0.0,0.0,0.0,0.0,0.0,0.0,0.0,0,0,0,none,
2026-03-27T22:32:41.589Z,emailservice,0.3664,65236992.0,8217317376.0,0.7939,31424.93,42115.53,0.0,0.0,0.0,0.0,0.0,0.0,0.0,0.0,0.0,0.0,0,0,0,none,
2026-03-27T22:33:12.941Z,emailservice,0.2017,65236992.0,8217317376.0,0.7939,31660.0,42429.2,0.0,0.0,0.0,0.0,0.0,0.0,0.0,0.0,0.0,0.0,0,0,0,none,
2026-03-27T22:33:45.137Z,emailservice,0.1479,65236992.0,8217317376.0,0.7939,31832.73,42667.2,0.0,0.0,0.0,0.0,0.0,0.0,0.0,0.0,0.0,0.0,0,0,0,none,
2026-03-27T22:34:17.488Z,emailservice,0.2337,65236992.0,8217317376.0,0.7939,32172.93,43080.0,0.0,0.0,0.0,0.0,0.0,0.0,0.0,0.0,0.0,0.0,0,0,0,none,
2026-03-27T22:34:49.615Z,emailservice,0.1365,65236992.0,8217317376.0,0.7939,32402.53,43389.6,0.0,0.0,0.0,0.0,0.0,0.0,0.0,0.0,0.0,0.0,0,0,0,none,
2026-03-27T22:35:21.661Z,emailservice,0.1466,65236992.0,8217317376.0,0.7939,32600.87,43704.27,0.0,0.0,0.0,0.0,0.0,0.0,0.0,0.0,0.0,0.0,0,0,0,none,
2026-03-27T22:35:53.992Z,emailservice,0.1408,65236992.0,8217317376.0,0.7939,32760.33,43912.47,0.0,0.0,0.0,0.0,0.0,0.0,0.0,0.0,0.0,0.0,0,0,0,none,
2026-03-27T22:36:26.181Z,emailservice,0.1458,65236992.0,8217317376.0,0.7939,32850.2,44036.67,0.0,0.0,0.0,0.0,0.0,0.0,0.0,0.0,0.0,0.0,0,0,0,none,
2026-03-27T22:36:58.158Z,emailservice,0.1369,65236992.0,8217317376.0,0.7939,33074.27,44316.0,0.0,0.0,0.0,0.0,0.0,0.0,0.0,0.0,0.0,0.0,0,0,0,none,
2026-03-27T22:37:45.771Z,emailservice,0.1168,65236992.0,8217317376.0,0.7939,33416.4,44810.93,0.0,0.0,0.0,0.0,0.0,0.0,0.0,0.0,0.0,0.0,0,0,0,none,
2026-03-27T22:38:17.155Z,emailservice,0.165,65236992.0,8217317376.0,0.7939,33709.53,45187.6,0.0,0.0,0.0,0.0,0.0,0.0,0.0,0.0,0.0,0.0,0,0,0,none,
2026-03-27T22:32:41.589Z,frontend,5.8267,44191744.0,8217317376.0,0.5378,3467680.8,14478949.47,0.0,0.0,0.0,0.0,0.0,0.0,0.0,0.0,0.0,0.0,0,0,0,none,
2026-03-27T22:33:12.941Z,frontend,2.0266,43511808.0,8217317376.0,0.5295,3488849.07,14567829.13,0.0,0.0,0.0,0.0,0.0,0.0,0.0,0.0,0.0,0.0,0,0,0,none,
2026-03-27T22:33:45.137Z,frontend,1.6958,43270144.0,8217317376.0,0.5266,3508550.07,14650218.4,0.0,0.0,0.0,0.0,0.0,0.0,0.0,0.0,0.0,0.0,0,0,0,none,
2026-03-27T22:34:17.488Z,frontend,1.7842,43855872.0,8217317376.0,0.5337,3531027.07,14741569.33,0.0,0.0,0.0,0.0,0.0,0.0,0.0,0.0,0.0,0.0,0,0,0,none,
2026-03-27T22:34:49.615Z,frontend,1.5002,44134400.0,8217317376.0,0.5371,3553021.53,14830686.27,0.0,0.0,0.0,0.0,0.0,0.0,0.0,0.0,0.0,0.0,0,0,0,none,
2026-03-27T22:35:21.661Z,frontend,2.3605,44498944.0,8217317376.0,0.5415,3574908.27,14921497.0,0.0,0.0,0.0,0.0,0.0,0.0,0.0,0.0,0.0,0.0,0,0,0,none,
2026-03-27T22:35:53.992Z,frontend,4.4078,41644032.0,8217317376.0,0.5068,3592755.4,14993919.2,0.0,0.0,0.0,0.0,0.0,0.0,0.0,0.0,0.0,0.0,0,0,0,none,
2026-03-27T22:36:26.181Z,frontend,1.1902,45588480.0,8217317376.0,0.5548,3611866.33,15076420.2,0.0,0.0,0.0,0.0,0.0,0.0,0.0,0.0,0.0,0.0,0,0,0,none,
2026-03-27T22:36:58.158Z,frontend,2.6823,42299392.0,8217317376.0,0.5148,3632656.93,15161734.2,0.0,0.0,0.0,0.0,0.0,0.0,0.0,0.0,0.0,0.0,0,0,0,none,
2026-03-27T22:37:45.771Z,frontend,0.0098,43913216.0,8217317376.0,0.5344,3659772.13,15272136.27,0.0,0.0,0.0,0.0,0.0,0.0,0.0,0.0,0.0,0.0,0,0,0,none,
2026-03-27T22:38:17.155Z,frontend,2.6391,44544000.0,8217317376.0,0.5421,3682209.87,15363236.0,0.0,0.0,0.0,0.0,0.0,0.0,0.0,0.0,0.0,0.0,0,0,0,none,
2026-03-27T22:32:41.589Z,grafana,0.2312,98000896.0,8217317376.0,1.1926,31897.6,827892.6,58982.4,205892.27,0.0,0.0,0.0,0.0,0.0,0.0,0.0,0.0,0,0,0,none,
2026-03-27T22:33:12.941Z,grafana,8.4424,98004992.0,8217317376.0,1.1927,31925.73,827920.47,58982.4,207257.6,0.0,0.0,0.0,0.0,0.0,0.0,0.0,0.0,0,0,0,none,
2026-03-27T22:33:45.137Z,grafana,0.2831,97996800.0,8217317376.0,1.1926,31962.67,827957.13,58982.4,208622.93,0.0,0.0,0.0,0.0,0.0,0.0,0.0,0.0,0,0,0,none,
2026-03-27T22:34:17.488Z,grafana,0.2773,97898496.0,8217317376.0,1.1914,32000.13,827994.07,58982.4,209988.27,0.0,0.0,0.0,0.0,0.0,0.0,0.0,0.0,0,0,0,none,
2026-03-27T22:34:49.615Z,grafana,0.3099,97902592.0,8217317376.0,1.1914,32028.27,828021.93,58982.4,211353.6,0.0,0.0,0.0,0.0,0.0,0.0,0.0,0.0,0,0,0,none,
2026-03-27T22:35:21.661Z,grafana,0.2052,97923072.0,8217317376.0,1.1917,32056.4,828049.8,59255.47,216541.87,0.0,0.0,0.0,0.0,0.0,0.0,0.0,0.0,0,0,0,none,
2026-03-27T22:35:53.992Z,grafana,0.2081,98152448.0,8217317376.0,1.1945,32093.33,828082.07,59255.47,217907.2,0.0,0.0,0.0,0.0,0.0,0.0,0.0,0.0,0,0,0,none,
2026-03-27T22:36:26.181Z,grafana,0.2762,98160640.0,8217317376.0,1.1946,32116.4,828104.6,59255.47,219272.53,0.0,0.0,0.0,0.0,0.0,0.0,0.0,0.0,0,0,0,none,
2026-03-27T22:36:58.158Z,grafana,0.2513,98160640.0,8217317376.0,1.1946,32132.93,828120.87,59255.47,220637.87,0.0,0.0,0.0,0.0,0.0,0.0,0.0,0.0,0,0,0,none,
2026-03-27T22:37:45.771Z,grafana,0.2317,98160640.0,8217317376.0,1.1946,32180.0,828150.6,59255.47,223368.53,0.0,0.0,0.0,0.0,0.0,0.0,0.0,0.0,0,0,0,none,
2026-03-27T22:38:17.155Z,grafana,0.2803,98226176.0,8217317376.0,1.1954,32268.0,828208.6,59255.47,237021.87,0.0,0.0,0.0,0.0,0.0,0.0,0.0,0.0,0,0,0,none,
2026-03-27T22:32:41.589Z,jaeger,0.2248,827572224.0,8217317376.0,10.0711,6349892.2,3717977.4,0.0,0.0,0.0,0.0,0.0,0.0,0.0,0.0,0.0,0.0,0,0,0,none,
2026-03-27T22:33:12.941Z,jaeger,0.5777,827039744.0,8217317376.0,10.0646,6389817.33,3735193.93,0.0,0.0,0.0,0.0,0.0,0.0,0.0,0.0,0.0,0.0,0,0,0,none,
2026-03-27T22:33:45.137Z,jaeger,0.0135,830251008.0,8217317376.0,10.1037,6431704.87,3747005.87,0.0,0.0,0.0,0.0,0.0,0.0,0.0,0.0,0.0,0.0,0,0,0,none,
2026-03-27T22:34:17.488Z,jaeger,0.011,831328256.0,8217317376.0,10.1168,6467573.53,3758745.87,0.0,0.0,0.0,0.0,0.0,0.0,0.0,0.0,0.0,0.0,0,0,0,none,
2026-03-27T22:34:49.615Z,jaeger,0.6614,705658880.0,8217317376.0,8.5875,6512263.87,3770564.2,0.0,0.0,0.0,0.0,0.0,0.0,0.0,0.0,0.0,0.0,0,0,0,none,
2026-03-27T22:35:21.661Z,jaeger,0.2159,706183168.0,8217317376.0,8.5938,6542966.33,3782250.47,0.0,0.0,0.0,0.0,0.0,0.0,0.0,0.0,0.0,0.0,0,0,0,none,
2026-03-27T22:35:53.992Z,jaeger,0.2197,705667072.0,8217317376.0,8.5876,6579191.87,3793986.07,0.0,0.0,0.0,0.0,0.0,0.0,0.0,0.0,0.0,0.0,0,0,0,none,
2026-03-27T22:36:26.181Z,jaeger,0.1394,705937408.0,8217317376.0,8.5908,6612933.53,3805665.8,0.0,0.0,0.0,0.0,0.0,0.0,0.0,0.0,0.0,0.0,0,0,0,none,
2026-03-27T22:36:58.158Z,jaeger,0.4734,705708032.0,8217317376.0,8.5881,6651514.0,3822925.0,0.0,0.0,0.0,0.0,0.0,0.0,0.0,0.0,0.0,0.0,0,0,0,none,
2026-03-27T22:37:45.771Z,jaeger,0.3602,705703936.0,8217317376.0,8.588,6704120.8,3840590.07,0.0,0.0,0.0,0.0,0.0,0.0,0.0,0.0,0.0,0.0,0,0,0,none,
2026-03-27T22:38:17.155Z,jaeger,0.0138,705699840.0,8217317376.0,8.588,6741020.93,3852410.0,0.0,0.0,0.0,0.0,0.0,0.0,0.0,0.0,0.0,0.0,0,0,0,none,
2026-03-27T22:32:41.589Z,loadgenerator,0.4669,71806976.0,8217317376.0,0.8738,8850156.13,419483.73,0.0,0.0,0.0,0.0,0.0,0.0,0.0,0.0,0.0,0.0,0,0,0,none,
2026-03-27T22:33:12.941Z,loadgenerator,1.1637,71524352.0,8217317376.0,0.8704,8904641.07,422205.53,0.0,0.0,0.0,0.0,0.0,0.0,0.0,0.0,0.0,0.0,0,0,0,none,
2026-03-27T22:33:45.137Z,loadgenerator,1.1985,71815168.0,8217317376.0,0.8739,8952096.67,424565.13,0.0,0.0,0.0,0.0,0.0,0.0,0.0,0.0,0.0,0.0,0,0,0,none,
2026-03-27T22:34:17.488Z,loadgenerator,0.5982,71577600.0,8217317376.0,0.8711,9002516.47,427109.0,0.0,0.0,0.0,0.0,0.0,0.0,0.0,0.0,0.0,0.0,0,0,0,none,
2026-03-27T22:34:49.615Z,loadgenerator,0.0,71548928.0,8217317376.0,0.8707,9054804.6,429674.2,0.0,0.0,0.0,0.0,0.0,0.0,0.0,0.0,0.0,0.0,0,0,0,none,
2026-03-27T22:35:21.661Z,loadgenerator,0.4608,71593984.0,8217317376.0,0.8713,9101217.6,431877.8,0.0,0.0,0.0,0.0,0.0,0.0,0.0,0.0,0.0,0.0,0,0,0,none,
2026-03-27T22:35:53.992Z,loadgenerator,0.6231,71634944.0,8217317376.0,0.8718,9148963.07,434220.13,0.0,0.0,0.0,0.0,0.0,0.0,0.0,0.0,0.0,0.0,0,0,0,none,
2026-03-27T22:36:26.181Z,loadgenerator,1.47,71913472.0,8217317376.0,0.8751,9192218.47,436166.73,0.0,0.0,0.0,0.0,0.0,0.0,0.0,0.0,0.0,0.0,0,0,0,none,
2026-03-27T22:36:58.158Z,loadgenerator,0.7626,71917568.0,8217317376.0,0.8752,9241917.8,438637.8,0.0,0.0,0.0,0.0,0.0,0.0,0.0,0.0,0.0,0.0,0,0,0,none,
2026-03-27T22:37:45.771Z,loadgenerator,0.5577,71663616.0,8217317376.0,0.8721,9305287.53,441734.73,0.0,0.0,0.0,0.0,0.0,0.0,0.0,0.0,0.0,0.0,0,0,0,none,
2026-03-27T22:38:17.155Z,loadgenerator,1.2298,71688192.0,8217317376.0,0.8724,9354161.27,444086.67,0.0,0.0,0.0,0.0,0.0,0.0,0.0,0.0,0.0,0.0,0,0,0,none,
2026-03-27T22:32:41.589Z,loki,1.222,176766976.0,8217317376.0,2.1512,958445.2,974723.67,546.13,6683033.6,0.0,0.0,0.0,0.0,0.0,0.0,0.0,0.0,0,0,0,none,
2026-03-27T22:33:12.941Z,loki,1.0649,178409472.0,8217317376.0,2.1711,964444.8,987293.93,546.13,6700782.93,0.0,0.0,0.0,0.0,0.0,0.0,0.0,0.0,0,0,0,none,
2026-03-27T22:33:45.137Z,loki,1.419,179433472.0,8217317376.0,2.1836,970630.27,1000317.07,546.13,6716893.87,0.0,0.0,0.0,0.0,0.0,0.0,0.0,0.0,0,0,0,none,
2026-03-27T22:34:17.488Z,loki,1.356,174833664.0,8217317376.0,2.1276,976248.8,1013351.33,546.13,6811374.93,0.0,0.0,0.0,0.0,0.0,0.0,0.0,0.0,0,0,0,none,
2026-03-27T22:34:49.615Z,loki,1.2543,174206976.0,8217317376.0,2.12,982330.8,1026375.6,546.13,6831035.73,0.0,0.0,0.0,0.0,0.0,0.0,0.0,0.0,0,0,0,none,
2026-03-27T22:35:21.661Z,loki,1.4758,174448640.0,8217317376.0,2.1229,987565.53,1039294.53,546.13,6849604.27,0.0,0.0,0.0,0.0,0.0,0.0,0.0,0.0,0,0,0,none,
2026-03-27T22:35:53.992Z,loki,1.2656,175611904.0,8217317376.0,2.1371,993237.27,1054224.27,546.13,6865442.13,0.0,0.0,0.0,0.0,0.0,0.0,0.0,0.0,0,0,0,none,
2026-03-27T22:36:26.181Z,loki,1.277,176820224.0,8217317376.0,2.1518,998536.67,1066985.6,546.13,6959923.2,0.0,0.0,0.0,0.0,0.0,0.0,0.0,0.0,0,0,0,none,
2026-03-27T22:36:58.158Z,loki,1.3007,172527616.0,8217317376.0,2.0996,1004780.13,1079970.6,546.13,6977126.4,0.0,0.0,0.0,0.0,0.0,0.0,0.0,0.0,0,0,0,none,
2026-03-27T22:37:45.771Z,loki,1.5973,165941248.0,8217317376.0,2.0194,1012846.87,1095073.2,546.13,7001975.47,0.0,0.0,0.0,0.0,0.0,0.0,0.0,0.0,0,0,0,none,
2026-03-27T22:38:17.155Z,loki,0.8403,169271296.0,8217317376.0,2.0599,1018290.8,1107886.47,546.13,7097002.67,0.0,0.0,0.0,0.0,0.0,0.0,0.0,0.0,0,0,0,none,
2026-03-27T22:32:41.589Z,paymentservice,0.0,114573312.0,8217317376.0,1.3943,20624.93,34900.07,0.0,0.0,0.0,0.0,0.0,0.0,0.0,0.0,0.0,0.0,0,0,0,none,
2026-03-27T22:33:12.941Z,paymentservice,0.3638,114593792.0,8217317376.0,1.3945,20778.47,35190.67,0.0,0.0,0.0,0.0,0.0,0.0,0.0,0.0,0.0,0.0,0,0,0,none,
2026-03-27T22:33:45.137Z,paymentservice,0.0,114659328.0,8217317376.0,1.3953,20924.93,35412.93,0.0,0.0,0.0,0.0,0.0,0.0,0.0,0.0,0.0,0.0,0,0,0,none,
2026-03-27T22:34:17.488Z,paymentservice,0.0912,115253248.0,8217317376.0,1.4026,21114.8,35749.73,0.0,0.0,0.0,0.0,0.0,0.0,0.0,0.0,0.0,0.0,0,0,0,none,
2026-03-27T22:34:49.615Z,paymentservice,0.0,115019776.0,8217317376.0,1.3997,21272.87,36031.53,0.0,0.0,0.0,0.0,0.0,0.0,0.0,0.0,0.0,0.0,0,0,0,none,
2026-03-27T22:35:21.661Z,paymentservice,0.0,115023872.0,8217317376.0,1.3998,21390.13,36237.2,0.0,0.0,0.0,0.0,0.0,0.0,0.0,0.0,0.0,0.0,0,0,0,none,
2026-03-27T22:35:53.992Z,paymentservice,0.0,115449856.0,8217317376.0,1.405,21494.33,36389.33,0.0,0.0,0.0,0.0,0.0,0.0,0.0,0.0,0.0,0.0,0,0,0,none,
2026-03-27T22:36:26.181Z,paymentservice,0.0,115539968.0,8217317376.0,1.4061,21539.47,36478.67,0.0,0.0,0.0,0.0,0.0,0.0,0.0,0.0,0.0,0.0,0,0,0,none,
2026-03-27T22:36:58.158Z,paymentservice,0.3517,115544064.0,8217317376.0,1.4061,21697.0,36713.73,0.0,0.0,0.0,0.0,0.0,0.0,0.0,0.0,0.0,0.0,0,0,0,none,
2026-03-27T22:37:45.771Z,paymentservice,0.0,117362688.0,8217317376.0,1.4282,21934.47,37157.6,0.0,0.0,0.0,0.0,0.0,0.0,0.0,0.0,0.0,0.0,0,0,0,none,
2026-03-27T22:38:17.155Z,paymentservice,0.0,115654656.0,8217317376.0,1.4075,22124.13,37462.0,0.0,0.0,0.0,0.0,0.0,0.0,0.0,0.0,0.0,0.0,0,0,0,none,
2026-03-27T22:32:41.589Z,productcatalogservice,0.364,33832960.0,8217317376.0,0.4117,1575160.6,4402456.07,5188.27,0.0,0.0,0.0,0.0,0.0,0.0,0.0,0.0,0.0,0,0,0,none,
2026-03-27T22:33:12.941Z,productcatalogservice,0.0,34791424.0,8217317376.0,0.4234,1585568.87,4432173.47,5188.27,0.0,0.0,0.0,0.0,0.0,0.0,0.0,0.0,0.0,0,0,0,none,
2026-03-27T22:33:45.137Z,productcatalogservice,1.6582,34033664.0,8217317376.0,0.4142,1595249.8,4458291.2,5188.27,0.0,0.0,0.0,0.0,0.0,0.0,0.0,0.0,0.0,0,0,0,none,
2026-03-27T22:34:17.488Z,productcatalogservice,0.9344,34955264.0,8217317376.0,0.4254,1605468.53,4488453.07,5188.27,0.0,0.0,0.0,0.0,0.0,0.0,0.0,0.0,0.0,0,0,0,none,
2026-03-27T22:34:49.615Z,productcatalogservice,1.0201,33669120.0,8217317376.0,0.4097,1616024.33,4516834.8,5188.27,0.0,0.0,0.0,0.0,0.0,0.0,0.0,0.0,0.0,0,0,0,none,
2026-03-27T22:35:21.661Z,productcatalogservice,2.1738,35123200.0,8217317376.0,0.4274,1625744.53,4544992.47,5188.27,0.0,0.0,0.0,0.0,0.0,0.0,0.0,0.0,0.0,0,0,0,none,
2026-03-27T22:35:53.992Z,productcatalogservice,0.0,33714176.0,8217317376.0,0.4103,1633423.2,4565739.47,5188.27,0.0,0.0,0.0,0.0,0.0,0.0,0.0,0.0,0.0,0,0,0,none,
2026-03-27T22:36:26.181Z,productcatalogservice,0.6368,34353152.0,8217317376.0,0.4181,1641801.0,4589193.33,5188.27,0.0,0.0,0.0,0.0,0.0,0.0,0.0,0.0,0.0,0,0,0,none,
2026-03-27T22:36:58.158Z,productcatalogservice,0.1267,34951168.0,8217317376.0,0.4253,1651773.07,4616576.6,5188.27,0.0,0.0,0.0,0.0,0.0,0.0,0.0,0.0,0.0,0,0,0,none,
2026-03-27T22:37:45.771Z,productcatalogservice,0.0269,34885632.0,8217317376.0,0.4245,1664716.67,4652443.73,10649.6,0.0,0.0,0.0,0.0,0.0,0.0,0.0,0.0,0.0,0,0,0,none,
2026-03-27T22:38:17.155Z,productcatalogservice,2.6051,34807808.0,8217317376.0,0.4236,1674846.6,4680694.13,10649.6,0.0,0.0,0.0,0.0,0.0,0.0,0.0,0.0,0.0,0,0,0,none,
2026-03-27T22:32:41.589Z,prometheus,0.4282,79360000.0,8217317376.0,0.9658,2875266.93,108718.2,0.0,570436.27,0.0,0.0,0.0,0.0,0.0,0.0,0.0,0.0,0,0,0,none,
2026-03-27T22:33:12.941Z,prometheus,0.0,80076800.0,8217317376.0,0.9745,2890885.27,109201.0,0.0,574805.33,0.0,0.0,0.0,0.0,0.0,0.0,0.0,0.0,0,0,0,none,
2026-03-27T22:33:45.137Z,prometheus,0.0,80244736.0,8217317376.0,0.9765,2906501.8,109683.8,0.0,576716.8,0.0,0.0,0.0,0.0,0.0,0.0,0.0,0.0,0,0,0,none,
2026-03-27T22:34:17.488Z,prometheus,0.3168,80289792.0,8217317376.0,0.9771,2922476.47,110206.67,0.0,581358.93,0.0,0.0,0.0,0.0,0.0,0.0,0.0,0.0,0,0,0,none,
2026-03-27T22:34:49.615Z,prometheus,0.0,83472384.0,8217317376.0,1.0158,2940096.13,110760.07,0.0,582997.33,0.0,0.0,0.0,0.0,0.0,0.0,0.0,0.0,0,0,0,none,
2026-03-27T22:35:21.661Z,prometheus,0.0,72204288.0,8217317376.0,0.8787,2955715.2,111238.47,0.0,586547.2,0.0,0.0,0.0,0.0,0.0,0.0,0.0,0.0,0,0,0,none,
2026-03-27T22:35:53.992Z,prometheus,0.0278,71815168.0,8217317376.0,0.8739,2971334.27,111721.27,0.0,590370.13,0.0,0.0,0.0,0.0,0.0,0.0,0.0,0.0,0,0,0,none,
2026-03-27T22:36:26.181Z,prometheus,0.4468,72155136.0,8217317376.0,0.8781,2992399.47,112341.4,0.0,593646.93,0.0,0.0,0.0,0.0,0.0,0.0,0.0,0.0,0,0,0,none,
2026-03-27T22:36:58.158Z,prometheus,0.0,71901184.0,8217317376.0,0.875,3008015.07,112824.2,0.0,597196.8,0.0,0.0,0.0,0.0,0.0,0.0,0.0,0.0,0,0,0,none,
2026-03-27T22:37:45.771Z,prometheus,0.0,71966720.0,8217317376.0,0.8758,3031455.93,113546.2,0.0,601019.73,0.0,0.0,0.0,0.0,0.0,0.0,0.0,0.0,0,0,0,none,
2026-03-27T22:38:17.155Z,prometheus,0.1548,72024064.0,8217317376.0,0.8765,3047433.4,114064.67,0.0,604296.53,0.0,0.0,0.0,0.0,0.0,0.0,0.0,0.0,0,0,0,none,
2026-03-27T22:32:41.589Z,promtail,1.9919,56860672.0,8217317376.0,0.692,64848.67,1051403.53,0.0,152371.2,0.0,0.0,0.0,0.0,0.0,0.0,0.0,0.0,0,0,0,none,
2026-03-27T22:33:12.941Z,promtail,1.0343,56860672.0,8217317376.0,0.692,65229.33,1057732.33,0.0,153190.4,0.0,0.0,0.0,0.0,0.0,0.0,0.0,0.0,0,0,0,none,
2026-03-27T22:33:45.137Z,promtail,1.3375,56860672.0,8217317376.0,0.692,65618.67,1063970.27,0.0,154009.6,0.0,0.0,0.0,0.0,0.0,0.0,0.0,0.0,0,0,0,none,
2026-03-27T22:34:17.488Z,promtail,1.5241,56864768.0,8217317376.0,0.692,65981.87,1070249.33,0.0,155101.87,0.0,0.0,0.0,0.0,0.0,0.0,0.0,0.0,0,0,0,none,
2026-03-27T22:34:49.615Z,promtail,0.4505,57401344.0,8217317376.0,0.6985,66349.47,1076342.6,0.0,155921.07,0.0,0.0,0.0,0.0,0.0,0.0,0.0,0.0,0,0,0,none,
2026-03-27T22:35:21.661Z,promtail,0.692,57401344.0,8217317376.0,0.6985,66699.6,1082115.27,0.0,156740.27,0.0,0.0,0.0,0.0,0.0,0.0,0.0,0.0,0,0,0,none,
2026-03-27T22:35:53.992Z,promtail,1.2113,56487936.0,8217317376.0,0.6874,67067.2,1088333.67,0.0,157559.47,0.0,0.0,0.0,0.0,0.0,0.0,0.0,0.0,0,0,0,none,
2026-03-27T22:36:26.181Z,promtail,1.2681,56492032.0,8217317376.0,0.6875,67487.93,1094312.73,0.0,158378.67,0.0,0.0,0.0,0.0,0.0,0.0,0.0,0.0,0,0,0,none,
2026-03-27T22:36:58.158Z,promtail,1.409,57077760.0,8217317376.0,0.6946,67894.73,1100707.13,0.0,159470.93,0.0,0.0,0.0,0.0,0.0,0.0,0.0,0.0,0,0,0,none,
2026-03-27T22:37:45.771Z,promtail,0.818,57077760.0,8217317376.0,0.6946,68476.0,1109294.67,0.0,160563.2,0.0,0.0,0.0,0.0,0.0,0.0,0.0,0.0,0,0,0,none,
2026-03-27T22:38:17.155Z,promtail,1.4127,57081856.0,8217317376.0,0.6947,68830.4,1115182.27,0.0,161655.47,0.0,0.0,0.0,0.0,0.0,0.0,0.0,0.0,0,0,0,none,
2026-03-27T22:32:41.589Z,recommendationservice,0.7324,58773504.0,8217317376.0,0.7152,1312658.6,881332.73,0.0,0.0,0.0,0.0,0.0,0.0,0.0,0.0,0.0,0.0,0,0,0,none,
2026-03-27T22:33:12.941Z,recommendationservice,2.0707,58777600.0,8217317376.0,0.7153,1321000.87,887061.2,0.0,0.0,0.0,0.0,0.0,0.0,0.0,0.0,0.0,0.0,0,0,0,none,
2026-03-27T22:33:45.137Z,recommendationservice,0.7458,58773504.0,8217317376.0,0.7152,1328995.33,892376.2,0.0,0.0,0.0,0.0,0.0,0.0,0.0,0.0,0.0,0.0,0,0,0,none,
2026-03-27T22:34:17.488Z,recommendationservice,3.9798,103395328.0,8217317376.0,1.2583,1338716.27,898285.53,60074.67,0.0,0.0,0.0,0.0,0.0,0.0,0.0,0.0,0.0,0,0,0,none,
2026-03-27T22:34:49.615Z,recommendationservice,1.9295,198295552.0,8217317376.0,2.4131,1346820.67,904182.07,60074.67,0.0,0.0,0.0,0.0,0.0,0.0,0.0,0.0,0.0,0,1,1,pre_memory_leak,b3a0ec9a-e69f-4440-a452-8b1dc7e75939
2026-03-27T22:35:21.661Z,recommendationservice,1.4048,198303744.0,8217317376.0,2.4132,1354866.53,909505.67,60074.67,0.0,0.0,0.0,0.0,0.0,0.0,0.0,0.0,0.0,0,1,1,pre_memory_leak,b3a0ec9a-e69f-4440-a452-8b1dc7e75939
2026-03-27T22:35:53.992Z,recommendationservice,2.2229,366764032.0,8217317376.0,4.4633,1360810.13,913764.13,60074.67,0.0,0.0,0.0,0.0,0.0,0.0,0.0,0.0,0.0,1,0,1,memory_leak,b3a0ec9a-e69f-4440-a452-8b1dc7e75939
2026-03-27T22:36:26.181Z,recommendationservice,1.5301,587755520.0,8217317376.0,7.1526,1368918.73,918951.4,60074.67,0.0,0.0,0.0,0.0,0.0,0.0,0.0,0.0,0.0,1,0,1,memory_leak,b3a0ec9a-e69f-4440-a452-8b1dc7e75939
2026-03-27T22:36:58.158Z,recommendationservice,0.7951,587755520.0,8217317376.0,7.1526,1376678.53,924257.73,60074.67,0.0,0.0,0.0,0.0,0.0,0.0,0.0,0.0,0.0,1,0,1,memory_leak,b3a0ec9a-e69f-4440-a452-8b1dc7e75939
2026-03-27T22:37:45.771Z,recommendationservice,2.1087,64466944.0,8217317376.0,0.7845,2190.13,1082.07,545314.13,0.0,0.0,0.0,0.0,0.0,0.0,0.0,0.0,0.0,0,0,0,none,
2026-03-27T22:38:17.155Z,recommendationservice,2.2544,65114112.0,8217317376.0,0.7924,10264.93,7221.47,545314.13,0.0,0.0,0.0,0.0,0.0,0.0,0.0,0.0,0.0,0,0,0,none,
2026-03-27T22:32:41.589Z,shippingservice,0.0,23552000.0,8217317376.0,0.2866,128445.73,79350.13,0.0,0.0,0.0,0.0,0.0,0.0,0.0,0.0,0.0,0.0,0,0,0,none,
2026-03-27T22:33:12.941Z,shippingservice,0.0948,23552000.0,8217317376.0,0.2866,129395.67,79943.47,0.0,0.0,0.0,0.0,0.0,0.0,0.0,0.0,0.0,0.0,0,0,0,none,
2026-03-27T22:33:45.137Z,shippingservice,0.0,23552000.0,8217317376.0,0.2866,129981.2,80304.07,0.0,0.0,0.0,0.0,0.0,0.0,0.0,0.0,0.0,0.0,0,0,0,none,
2026-03-27T22:34:17.488Z,shippingservice,0.078,23556096.0,8217317376.0,0.2867,130975.8,80933.13,0.0,0.0,0.0,0.0,0.0,0.0,0.0,0.0,0.0,0.0,0,0,0,none,
2026-03-27T22:34:49.615Z,shippingservice,0.1038,23666688.0,8217317376.0,0.288,131746.53,81403.67,0.0,0.0,0.0,0.0,0.0,0.0,0.0,0.0,0.0,0.0,0,0,0,none,
2026-03-27T22:35:21.661Z,shippingservice,0.0,23674880.0,8217317376.0,0.2881,132357.33,81779.6,0.0,0.0,0.0,0.0,0.0,0.0,0.0,0.0,0.0,0.0,0,0,0,none,
2026-03-27T22:35:53.992Z,shippingservice,0.212,23674880.0,8217317376.0,0.2881,133009.33,82179.67,0.0,0.0,0.0,0.0,0.0,0.0,0.0,0.0,0.0,0.0,0,0,0,none,
2026-03-27T22:36:26.181Z,shippingservice,0.0,23674880.0,8217317376.0,0.2881,133470.87,82460.67,0.0,0.0,0.0,0.0,0.0,0.0,0.0,0.0,0.0,0.0,0,0,0,none,
2026-03-27T22:36:58.158Z,shippingservice,0.0,23703552.0,8217317376.0,0.2885,134180.2,82894.2,0.0,0.0,0.0,0.0,0.0,0.0,0.0,0.0,0.0,0.0,0,0,0,none,
2026-03-27T22:37:45.771Z,shippingservice,0.1115,23724032.0,8217317376.0,0.2887,135289.6,83567.13,0.0,0.0,0.0,0.0,0.0,0.0,0.0,0.0,0.0,0.0,0,0,0,none,
2026-03-27T22:38:17.155Z,shippingservice,0.0,23752704.0,8217317376.0,0.2891,136200.53,84136.67,0.0,0.0,0.0,0.0,0.0,0.0,0.0,0.0,0.0,0.0,0,0,0,none,
